"Estimate","Std. Error","z value","Pr(>|z|)","term"
-1.92147336550744,0.620721621560385,-3.09554766382584,0.00196449796274427,"(Intercept)"
-0.00835887806707581,0.00894594187561429,-0.934376523265957,0.350109703465865,"edad"
0.0733872203054216,0.0647991898091947,1.13253299187096,0.257410422081329,"educacion_anios"
-0.000153866819417257,0.000326753145133954,-0.470896215411112,0.637714850802789,"ingreso_mensual"
